{"initial_reset_timestamp": 1606263784.9363415, "timestamps": [1606263802.0681932, 1606263818.7996902], "episode_lengths": [999, 999], "episode_rewards": [-45.4732493114121, -45.685065289358185], "episode_types": ["t", "t", "t"]}